ID,Name,Balance
cc26b56c-36f6-41f1-b689-d1d5065b95af,Joy Dean,4497.22
be6acfdc-cae1-4611-b3b2-dfb5167ba5fe,Bryan Rice,2632.76
43caa0b8-76a4-4e61-b7c3-f2f5ee4b4f77,Ms. Jamie Lopez,1827.85
69c93967-e20f-4735-9b8d-1b7dd56340ab,Lauren David,9778.70
60c233f0-1bfa-4f00-b1b3-5b6443c2670e,Gregory Elliott,1926.39
07414d78-ea39-46c3-a653-bd9c35381846,Ellen Miranda,785.83
9f43a9f5-65d8-4d71-a8e5-16e7c565173e,Joseph Krause,3096.18
270a774f-bb53-4101-b071-8e6111606911,Christina Mcintosh,6130.67
cedf4f99-28e5-488e-b7bf-b46fa448c251,Brittany Davis,9458.47
121b8a59-2b95-4009-925d-962425ab3fd8,Lauren Wallace,462.66
5c680fb1-9516-4ba4-87da-4eecbb9e8928,Carl Harvey,3272.41
9cd06bb1-0137-4f2d-bb63-4f970fcabb82,Michael Decker,3180.57
c7012e8f-266e-4401-8d75-fa7aa37ee311,Michael Moreno,7506.74
73886ecc-c94f-49e2-89c9-cdfad61901d2,Catherine Adams,5347.92
28add56d-b025-442e-9e04-359c94de7443,Cory Buchanan,9691.41
7f27684c-ce3b-45f3-b40e-22dde8702318,Jillian Marshall,3425.54
3df25dc0-ef5e-4ea3-abc3-52edd56ece7d,Teresa Wood,1854.35
fa5bcedd-a180-417e-bb49-bccef5a0cbaa,Rachel Stout,7983.74
f281d73e-ae45-4e0d-8624-20107d48cca2,Paula Fletcher,8196.17
04d2a518-faa4-4c72-9dfa-18383cd45b4d,Michelle Ward,6128.98
2e1d2320-3454-4c24-b9b6-cf9d20ac3a0f,John Wilson,9616.63
9ad16c8a-c261-4acb-8d01-83edeb2822a7,Gina Morales,7658.54
388ebaf2-fa23-43b2-b012-89d86e0fe226,Thomas Jefferson,5274.38
7de6c062-0bb7-44cb-9761-446194b482c3,Natalie Thomas,8336.32
e1b9f419-f587-47bd-ab4f-efd75b27e094,Stephen King,2997.65
46259dd7-d391-4aa9-afef-df6e0340caa7,Mrs. Sharon Nelson,2017.98
87cea382-7a70-44ba-9f44-84c0adc4868e,David Jackson,2466.72
7326d587-604d-4817-8af4-0b6f01eaf8e0,Jeremy Pennington,9159.42
f9cc2b8a-6540-4d54-b95a-84c16a25be61,Seth Lowe,2195.02
11e35f61-58e1-4a7c-8b28-c205c959494a,Jonathan Graham,7932.37
3db72fde-7f16-4bf1-aba6-c868c0b2e0bf,Johnathan Torres,6425.87
134bb124-e462-4527-9504-679c8e32e6fa,Michele Hill,8289.84
4bcf0053-c02e-460d-b05e-19524f0764f9,Amber Chan,3269.10
08ee4380-401d-49f3-81d6-1c741639e6be,Joseph Price,7748.36
4bb742bd-c69b-498f-bb32-2a6a87872f0c,Chelsea Carr,6649.30
e682da1c-19cc-455c-a464-605921d56e5c,Douglas Lee,485.72
a59db1b5-0e2a-46e6-add9-97727dc4a841,Stacey Mccoy,1588.50
cb1065d8-419f-4e41-bf23-7a221ff17465,Ashley Small,7314.81
c299d57b-cb76-45f7-9c79-2611e1f58248,Chase Nolan,742.04
5442865c-9c50-4a34-8caf-ac56cd881b0b,Patrick Palmer,7978.37
f1bb897c-2d9b-4c8a-93bd-562d717acf17,Steve Butler,285.07
8eefa3ea-1ac8-4133-9d72-1757fb86fcd7,Robert Castillo,7575.86
42196114-a2be-4d5d-95c4-5aeb800d7e8d,Christopher Guzman,405.37
50927800-f86a-4920-900e-27b3a3c45d3a,Brianna King,8544.72
e53bc63e-5144-4043-8878-ea41990804c7,Joanna Dixon,8151.90
653c9102-eb3d-4a39-be95-a3bdc8936eb8,Lindsey Bradley,4687.76
f17480b6-3d0c-4292-8ae7-4f7f387b3867,April Shaw,4515.12
7617a46f-75f4-4b8f-bfb0-9d16aa701e06,Michael Gonzalez,9261.47
284232ba-23fb-4278-b55e-5e114a162e2f,Ashley Williams,5008.37
1b7bb094-5664-4795-83de-fc12f9eeabca,Kelly Harris,9716.86
1da4c6dc-cff6-4370-890d-ce2b6bbb60b4,Sarah Hahn,595.04
e981cc51-d1bd-488d-96d7-33b27cbe050f,Jennifer David,8876.84
c909de2f-cdde-4453-9340-6d376d406172,Richard Smith,8513.09
5260e72d-8214-4a7f-b7e1-dbf4aebbf2ac,David Williams,9342.27
ffd44142-c7a3-4abb-8436-e6a091b1e53c,Rachel Velez,366.88
a6601115-dae2-4702-a34a-b078d1c9e5e9,Katrina Mann,6113.97
8d34e819-e83c-4908-a315-3c3ffd5315da,Donald Banks,8631.12
52bfb218-4559-497d-afde-6221fa53eaed,Tasha Parker,3695.43
753fcd0b-2814-48ff-8deb-591e8dfd1ab4,David Warner,5615.76
844fa23d-8e8d-4471-9890-432a0934e4e0,Peter Mitchell,8241.37
63531855-52e1-4683-b784-ebf3d6ec2824,Aaron Jones,4141.41
aff377c6-a56d-44f8-9fa7-1b0a38a09433,Daniel Cook,5725.18
276a079b-fa57-43fe-887a-9f1ffbd55e03,Stephanie Walker,2955.96
d0f7be66-c3c0-438b-871d-a7c77a35291a,Lynn Clark,943.40
f16f9619-171a-4e83-9d93-b7b9fe423de2,Andre Cooper,5119.47
591e1c17-3c63-41ea-98d6-dac1abfe5ca3,Samantha Thompson,4353.09
1b3119f7-e771-4729-872d-9ca2a226006d,Nicholas Thomas,2705.92
e1d6f248-d119-46d9-bfd8-3fcc0028d2a3,Kayla Krause,4114.36
1f92f1ca-bbb4-40d1-82c1-8bc81e8cbb89,Nathan Austin,3025.00
45de0014-7075-42eb-87dd-089580c4dccf,Jacob Jones,8958.51
348170ca-1686-4347-87eb-66d13b77555e,David Gardner,6463.90
401faa7b-e534-4f8e-a1c4-eb504ce25143,Sarah Anderson,7470.88
64a54dc8-a6ca-4aa9-b8a4-41535533e39b,Christine Thomas,6850.18
9414cea7-2e4e-4fa0-9a98-38ff9087e1b6,Mrs. Grace Murray,1789.56
0496623b-aa6f-4b14-af29-4b9897d531c2,Latasha Rodriguez,4371.68
43b85c2e-392a-4d2c-9965-a2036ec95f52,Paul Greene,7944.71
94e5386a-826f-4662-a582-6659e1b2c7bd,Eugene Levy,3631.06
875fff27-c6c6-46e0-b3fe-08490f8af141,Angela Ballard,2248.03
ba44b2f3-0411-446f-8508-e12a916d2985,Jessica Alexander,9593.70
90173ed4-6625-443e-8183-fa68ec19bb95,Mary Koch,2880.37
dae40b96-8b41-4a81-9c2c-ae0073a4cf40,Theresa Cameron,1248.24
369a26a4-32a8-4b22-a1ae-b7b30d57a0c4,Thomas Ruiz,2319.70
50540f12-5b81-45c0-8091-2d2bbdbc442d,Michele Thompson,6707.78
82ae282d-f737-422c-9c6f-1b4737fa2bd6,Tommy Williams,9036.42
9734ea6f-b05b-4f1b-80c5-6cf75c16fa4f,Mary Friedman,7036.49
b515a87a-3df4-40d6-bade-194610041e63,Andrew Thornton,9324.48
367e9eb8-2be2-43d2-a9ae-be11d44a8618,Susan Hampton,6095.58
6f292b81-3cc3-4d8b-aaff-b2a8690ecdb0,Jason Davis,712.94
6be095bf-8caf-47ca-b602-6f0f4e2ae565,Charles Davis,345.40
8bb6274f-8fff-494d-9ae5-50f5f052bc83,Angel Fletcher,6054.49
a7c7cbc6-be7b-4f00-a5f7-967df8027cae,Robert Rosales,2382.63
dff611c9-8e9b-49e5-a9f8-5c096bc91da5,James Cunningham,4852.68
3130d5fc-83fb-4287-8be5-78a0b0aba779,Rebecca Mcbride,7772.17
8261ae56-0c17-4ffb-afda-b5c8f1d8853c,Crystal Pacheco,3939.46
58744060-bc92-4370-b5b9-4aa7013a0990,Alexandria Davis,9478.51
55029ce3-6215-4e94-a07f-68501944fcf3,Amanda Mathews,3906.42
f2f05fe0-cc59-4653-ab60-e75cb8cb10e0,Mary Larsen,845.15
798158e2-a415-4edf-a36e-4a263077f740,Hannah Hubbard,7377.14
e023efe8-120f-458c-990f-8111c08945a6,Lisa Henry,6077.84
6abfde84-ae24-49a3-879e-6a36fa2e9a21,Christopher Williams,2317.78
e06de766-6b10-49b2-9458-1981975c68d4,Tracy Foster,1266.14
1857dc00-e8d8-4d8b-a123-9069eb42bccc,Christine Carlson,8739.82
0bab0a74-512e-4876-9f53-7bdec821608a,Timothy Wilson,1862.84
a4b605b0-2065-4e1d-bce4-d045c86bc549,Sherry Powell,3509.83
a5443410-5ac2-4db5-8fdc-9613d0d69a85,Brendan Williams,1894.20
f416123c-3a31-4fc1-91aa-62ac6dc334e8,Timothy Garcia,3066.07
de62b008-a224-4c7b-ba5f-b7a4486d526a,Heather Jackson,7811.79
daa415bd-09b3-4f3b-8788-9397df3c27d9,Susan Hayes,7723.87
006b8eec-8a29-461e-abae-747a69dbf8fb,Jennifer Odonnell,8186.41
6f4a91ae-1072-4ac6-9911-717240dac119,Kimberly Wheeler,1770.61
221f0a1d-793a-459a-99e7-0802a40edb07,Kaitlyn Thompson,1563.74
fc66b91a-67ac-4fb5-8b11-c5692c29c8cd,Danielle Leonard,4746.26
bc335897-4a1d-4231-b391-b40b8e063692,Kelly Chambers,1565.21
47419d89-ddf9-4d5a-addb-831e2695c58f,Regina Eaton,2758.60
0697dd51-1224-403b-9d4a-082f02fff7d6,Hannah Macdonald,8787.18
0416569b-b648-4a4e-8919-d30d485e12e5,Lindsey Green,4268.92
1db33097-147a-4268-b93c-d1fec1cc04a6,Tara Gilbert,7708.14
4f207a1b-d34a-4e5b-9f3f-01157640f4f9,Robert Walker,7574.56
8f2a7b44-af1d-46da-932d-e936a062a587,Erica Baldwin,4545.17
1e0f9020-6179-449d-bf73-c7cbf17abcbe,Matthew Sanchez,7948.86
e2897c2d-9fc8-4f8e-950b-32fac70ebdcc,Anthony Simmons,44.12
08d4a6b1-78fc-46ef-a613-7f22d3b168fd,Robert Strickland,6364.00
32156946-0a43-49e1-a31d-6f093296f100,Timothy Park,9357.58
9054d0c6-b6e3-492b-a749-0ffb6fb630bd,Samantha Newman,1157.55
7d3fd285-790d-4f3b-90f4-5f792cf0e8c5,Kristen Steele,4423.79
117b69e0-0f65-4cfd-b4b0-b95284d07265,Travis Barron,5808.69
d8abe6c3-1045-4cdb-b06c-4d3c92deaa00,Derek Rios,1073.37
2f3273e7-5d90-4090-b1bc-525ebd326dde,Jamie Poole,6341.87
2787fdca-88ad-4a88-9db3-3bddf9b210fd,David Rivera,3897.53
254e2e0b-0deb-4e22-bbb1-0ec2d295acf1,Erin Lynch,1287.50
3f887f26-0ecd-4e08-a9ef-212062d7f248,Daniel Palmer,7536.07
e2d5b6bb-41c0-487a-a075-d85edd086dd7,Jesse Snyder,1208.25
57c648b2-397b-4a48-a077-37b9f641e69e,Lisa Adams,4334.93
ee8b501a-58d0-4012-a3fe-41731897abb1,Daniel Garcia,3302.58
08e3e7b3-e5b9-4a98-bdec-c71d126ae92e,Katherine Villanueva,6531.51
b7afe90f-bbc3-429d-a3fd-6e972223b9a6,Micheal Jackson,4037.01
83ea47de-4d15-48e8-9387-03c4158380d0,Tammy Richard,6407.26
20b837f3-d261-48eb-84c2-b44011806085,Jason Bass,3672.84
db497885-6344-4ea8-9f2c-21fb114ed661,Michael Joseph,697.42
d335b99d-515a-43dd-9390-15931721ea04,Nicole Brewer,92.97
7391e4fd-f10a-4c35-a9d6-7833651f3e7b,Maria Chapman,9823.87
a807bf7c-c5a0-4221-b787-d06482242cb7,Austin Bean,7002.04
1ef7903b-273d-44d6-a2f3-4b911e943436,William Chapman,8388.69
9602880a-7dfe-48c9-9db1-b4076a01a0f3,Anna Lee,7443.49
f2f3ee4b-3e3d-4b98-a2a0-bfced7322d10,Jeffrey Sloan,8979.38
e79cccef-37c0-4e37-a42b-215515b93691,Amy Valdez,1816.18
b2251bf6-d6b2-4f22-9948-dee70b6fdc51,Crystal Gutierrez,8416.48
315b08f2-cd27-4034-9e4f-5d1cea7b90c9,Benjamin Moody,8612.29
0d7ddc30-d5c5-4d02-8fdc-dace49d727e5,Dwayne Torres,1211.94
62d37c14-96a9-4d09-a191-61003efd20bf,Ricardo Colon,8871.82
25ecf31a-1d84-4183-8aa9-d22d18d0bccb,Connor Gray,536.55
c06ace97-c1d0-4d95-9436-0678b7743a53,Whitney Scott,2288.93
a4f57693-cede-4691-8c1f-657d3c1ef3b2,Cassie Holmes,270.59
fe23114f-83b8-451c-92a7-89e2e54b93c7,Lee Smith,7388.97
5101a510-277b-4a47-9d54-e45418c8903a,Eric Moreno,7065.67
9ef372fd-8cdf-4763-82c0-fe306a46470a,Brittany Allen,3951.76
72731cba-5315-4bac-8e2a-d0b64a5de813,Mr. Anthony Lamb,7201.31
0f4c1ad2-fd2e-4dcb-9f9c-dacfd37bbe01,Gregory Johnson,2258.03
5a34d208-7b3e-4ef6-80dd-94d5f1abe4b9,Kevin Reed,3095.76
08065c5f-2359-4def-b3f8-834d3fe0cd89,Isaac Miller,5919.44
f9588a5f-dac1-4a18-99f2-625c28d3c22a,Victoria Massey,4920.33
f6335cc1-78ac-4a91-978b-4bc1f571e3ef,Ryan Hall,461.84
a32f9311-f6ed-4f63-9892-9b6664e89a05,Sarah Baker,6951.14
9e150de2-66c1-48f9-b19c-977a62de68e8,Kaitlin Wong,3561.94
2e700e3c-5918-4eda-9ab9-ea7290982e88,Tanya Walker,8507.51
1e78fb96-39e6-4d4d-8242-dbeca93d77d2,Jane Davila,7888.01
7ea26959-c10a-4641-bcdf-b17b8708a097,Carol Hernandez,5742.55
9fcbe678-5313-4b59-b820-d66f7aece4e2,Jeffery Brown,1747.20
d83de2f6-2e22-4655-a3a6-d66ed4f0f372,Michele Wade,6493.97
db38679d-1fe2-49fe-9fd6-6bec42b0057c,Janice Wright,3614.93
c0e83634-b6bc-4f60-84ef-daf0c7952bd6,Jessica Ford,333.00
d3e3ea7b-ffca-4ea3-86a8-a1c991eba9bb,David Monroe,5380.92
56f20598-fba9-4afc-89f8-a44dd80c5804,Jessica Gutierrez,3073.88
d654e8aa-4bd8-429b-859a-a82155bd5d3f,Catherine Lewis,7688.34
9b6372fb-2135-45b0-95ad-075d5f13bd30,Lindsay Johnson,6737.22
2dbdf735-d6b8-470a-8c36-c7c396991835,Jennifer Davis,1227.60
51f27ddf-dfd4-464a-a938-7fb501b60e8d,Robert Bowers,4573.88
219e660b-7360-4b74-beaf-dc080da6748f,Johnny Stafford,9408.27
a7d294f5-15bb-478b-a958-b69f2c2518db,Philip Wright,1465.27
063c71fc-2114-4972-8db1-14f4b48fb4a2,Mr. John Jones,9772.11
da49c73c-668c-4e63-ac89-2adaee2dd230,Robert Chandler Jr.,2684.92
3fc44659-2a0e-4d62-b33d-cced6a8a37a7,Mrs. Stephanie Burke,5407.67
e142d2cc-4568-48a8-9333-ab6898a8e02b,Robin Christensen,6066.48
85ec9e40-de5e-4c19-b678-951948804663,Kurt Hendrix,703.46
f1523cfb-ce56-467b-9306-e0fc5312c287,Harold Cox,3686.44
744f4f25-19fd-4e31-a3a2-4eaf545214f1,Tracy Mills,2289.21
47da8535-5993-452a-bade-c2ae03aef991,Mario Miranda,6730.34
a53cbd1a-e329-4c4f-a54c-bbd350a16147,David Flores,1370.74
ecaf3739-25a8-44ca-a3b6-12adb29f868c,Jessica Henry,2389.34
19947c2f-8ddd-475b-a1b2-8f7da30d712d,James Doyle,6339.21
1074596d-8d9c-4d17-aaca-8388433e9bbe,Nancy Cordova,387.34
3460f875-102d-4c39-8f4e-30f7a59385e3,Matthew Sanders,115.64
53b90250-1e22-498d-afb2-f6f74f179716,Daniel Ochoa,3865.08
e5800a7b-0048-4192-8cc3-1f7fba0c9319,Javier Caldwell,7057.78
ceed84dd-f27c-41a6-b17e-aefc15c738b2,Allen Ware,2470.20
d2f324fb-e849-470f-8a22-b8925b92dbd3,William Allen,5852.68
c68840ee-2601-4431-bf5e-151ff626bfa6,Danny Rogers,639.61
006e038b-4ecd-4be1-b335-fd8ea103da86,Leslie Li DDS,4345.04
a65b8594-6c32-42c4-9e02-3baa5e0cc2d5,Garrett Morgan,1736.22
665b9107-65ee-4e62-9bb9-4898d267f352,Justin Warren,5428.65
ff3dc525-25e0-4517-b749-e9098aefc8b1,Frederick Woodward,2191.68
41bddd62-79e8-41c4-9e9d-bff0f7f2269d,Heather Brown,8427.00
654b5457-f2bb-4b75-91d4-a8c6be1a0fad,Blake Church,909.87
00bb9df7-5275-408f-aa8b-2036bb9c16c0,Alexandra Montes,1683.27
61560894-86a1-4cd0-8baf-3d1e6ef2c822,Robert Long,7696.08
b9e2aabf-a106-4057-a25f-4ea284a5cf81,Kelly Malone,6495.24
6cf32646-c360-47c1-9368-1518086336df,Elizabeth Mueller,7852.49
ed780165-ef2e-4f35-b0a2-086d2600d809,Janet Jackson,2508.32
300d011a-4cb1-4d60-80b0-c4b94c392939,Emily Bruce,2145.70
fee21282-ebf6-42ef-924e-48c95b32ba9a,Maria Bishop,5833.74
6bf73bbc-9239-4772-8e90-796e1e9f7a02,Phillip Pruitt,4984.80
d1b7a9c5-e5e4-4097-a897-21837657d128,Shawn Garcia,4852.01
dee99671-bb0b-4821-8c55-21b8898d2594,Stephen Dougherty,951.14
5ddd789f-bbd9-40cb-8273-b515b547e914,Dr. Blake Wright,7404.38
d5ceffc6-baba-4a29-a3d9-1c26b22bab10,Mary Rios,51.21
a4f0380a-125c-48f1-bc4c-c998fb4a3f32,Robert Hayes,7321.77
6e90ed9a-57eb-4c5b-bbc2-1f7152094535,David May,4874.40
bc8b2031-0b70-4238-a769-aaf8869f1d73,Shannon Rojas,9425.92
4b29a714-714a-44af-8c34-45a99f9b6b6b,Kevin Reyes,4977.54
616db751-fccc-4ec0-892f-7dd15e0f30b8,Craig Booth,1044.52
9f541e32-8a8c-46a0-8867-c931c355d10d,Anne Camacho,1232.31
a26e7dfb-b9a8-4b52-907c-26cf68b89db2,Daniel Sharp,4525.96
43164de3-233a-43a6-a764-a70e1f68619c,Stephen Guzman,7682.69
564cab13-8e2b-47da-af1e-2f2c81ceea31,Kimberly Hamilton,3256.43
740c4739-d6a5-49cb-b398-5d90ea81cadd,Joseph Olson,8597.95
d0bf79a4-7693-449f-9d18-20cb46223a23,Jennifer Simpson,8275.85
0cb3f213-bedb-43c5-bab5-b263d10709f6,Jeremy Smith,4302.42
729d0496-a1eb-4e97-80ca-15cf0d31219d,Taylor Roberts,2212.11
a3139caf-b80c-4777-8255-77bb0ea7d96c,Gabriel Palmer,6655.14
0085bd2c-8278-4de5-83fb-ed62d1262af2,Carrie Johnson DVM,6854.00
bf62a1ec-12d0-4d83-b6a2-35777b9582ae,Jill Avila,7154.96
067c9d70-fc7f-4b53-a1e7-d9c7ea815832,Elaine Guerrero,257.43
ce8b9da2-3b5a-40df-8683-fb8bb93d4910,Judy Stein,9673.51
da8a72bc-5caa-4ebc-ae12-8219d7f5ec89,Cassie Lambert,3604.20
558ba3d3-490f-4dfd-afd8-e7e31d7007f7,Matthew Davis,9566.37
da01e565-8528-4ef0-b1a1-248bcd6e2bc7,Sara Sims,2126.91
d54b0a6d-ded5-4e3b-9bd8-9803f55ffcb1,Mary Ward,5641.82
9c6e821a-5a28-46f0-b68b-8b63848fdbca,Lisa Lyons,7239.98
0f3a6b29-a8c4-4e78-bda2-652d38c00c86,Maria Page,5754.74
d05533ea-64d7-4cac-8d70-58c2c21fb88d,Wendy Phillips,8555.86
6ce8079c-2d0f-4243-b63b-435d50932a58,Clarence Johnson,6116.19
1a6c47b1-ec0f-448e-8010-c9bc8dc3f7e5,Julia Clark,9977.18
c6a1139a-647a-49c8-9580-6a190ef36484,Karen Hart,6241.45
7ff2c842-eece-4d42-b47c-d0b6d5b16e24,Kelly Rogers,9542.03
4469b061-c5f2-4977-b46d-cdfeb99f145e,Michael Wallace,6961.49
155bce34-1632-42b5-ac2a-fd631977eb9d,Karen Johnson,2567.95
ca87d708-3407-447b-8813-fe96dfe038e6,Cassandra Washington,2322.27
25b08bdc-46cd-4289-80e3-51af667855f8,Chelsea Perkins,5635.14
4c4826d5-530f-4a63-ab30-c46f050a089c,Laurie Berg,8013.79
d335033b-b8f6-4ae8-9b53-92fce5cd91de,Jerome Lee,2668.39
ae9de469-e95f-47a6-8961-88686cbb0802,Zoe Perez,3196.76
4a53aebb-820b-402a-b729-7863decd4930,Erik Bartlett MD,6793.44
7bc9258c-d655-4ba8-b7c7-2d4022331f1c,Colin Taylor,5022.02
4f316437-601d-4eb0-bb48-7309220dd62e,Joseph Harris,8454.04
6c9c6f97-d7c1-48d9-972d-208ded95527c,Margaret Bell,6424.61
24b1f10b-c808-4878-88fc-2ec82b6d2159,Stephanie Johnson,1626.49
343ebf1a-b697-406b-a98f-d50af6e96c2d,Eugene Harris,3681.46
cf1b71b9-383e-40e5-a4c7-4dfeba722194,Brandon Burns,7429.78
82c237a3-213f-41fc-9ea2-58117086d3ae,Michael Martinez,1387.46
c0601cd8-f548-4a01-a6ed-3c5eb32aecfd,Joshua Curtis,5547.25
20cb1e85-ae78-44a2-a35a-ae97e279e922,Kim Jefferson,4786.72
f7d67f4e-5b7b-4588-be12-bb5b5cb7b6e7,Jacob Jacobs,2730.69
2fc58052-9930-40ae-9017-a548f794c2df,Lisa Richard,7198.30
427ac768-6cb1-4ef7-8d14-46eec613ec66,Dustin White,6264.99
697926a2-497f-4851-86ec-44262a49ee81,Stephanie Wilkerson,2438.84
81a09ed7-6e12-43db-a293-016c3e294520,Michael Murphy,5229.31
febef48b-c8be-4bf7-bd69-a3d0217b6fb4,Donald Hamilton,6130.28
4e3f4d05-35df-460b-a713-bc45ed13a3ad,Brenda James,479.81
866a7dc6-4848-423d-aa0c-8fe4df54b35b,Joshua Lee,659.74
2ef99c25-426f-44ec-a6c5-18587adb265a,Jeremy Lynch,2028.90
395ae135-3fdf-49e2-b7b4-cb24c6cfcc7c,Diana Ramos,1691.31
21ce1b8a-160b-4b64-902e-22c127939d22,William David,1467.92
0deb63e0-4520-41cb-95b4-e312ca4b06bd,James Garcia,3320.38
0c5bc2b3-e1c2-4882-9b29-69b99ea40808,Kimberly Nicholson,2663.34
8cb947db-aaa5-4fdb-a216-adfe0ef02107,Lance Williams,5077.05
79d26dbf-6044-4179-97c1-8632792884d5,Robert Rollins,9699.67
6debe33a-d961-4ffe-adae-5065b0449435,Natalie Joseph,369.80
4017db6c-1e06-4306-a023-88ded2a216af,Barbara Butler,8107.07
5fec0683-1dbd-49c7-abd6-9d07ba5ccaa9,Shannon Chavez,7527.03
1cb5d98e-184c-4a40-a140-a5dadcd89646,Matthew Sullivan,9116.20
3291ce2a-909e-4659-91da-14fd0e70b1c9,Traci Garcia DDS,6219.85
dcc86ff3-6a47-4d65-9d66-a2c86c90dbde,Katelyn Adams,4774.23
3a538cca-5330-4e48-a580-2b6214e07b21,William Young,6804.30
0e425835-368d-4ef9-b4f3-8cb44a1f652e,Amber Murphy,5740.64
cf29f9d7-57ea-4c66-be04-359ce7c6b52a,John Lawrence DVM,2271.64
0aee17d9-d1c7-40e9-bea6-1a622de61714,Lisa Brown,3849.99
4e691882-0ff9-4377-9956-d3dead4c713e,Stephanie Waters MD,7645.48
714105c1-a6cb-4124-a5d6-4d5c0f4b8cad,Ernest Price,-8.34
d18aeff5-2255-4d33-a9b3-445801808ffb,Amber Hernandez,9655.61
53130dd1-734f-446c-9022-9e33d298c8bf,Erin Mosley,980.56
dd56906f-abec-4352-add2-a5a006925794,Ebony Bowman,8084.16
23d6c42a-7683-4f1c-b8b7-cecf8ce06e6f,James Murphy,6616.51
6ada9722-e0ad-46a6-adb0-0f2dcbf4664f,Jason Turner,226.62
5ddbc40f-118d-49fb-ae1e-a27f75cf9f0e,Zachary Austin,2463.42
90eb979b-99da-4f30-8257-518266f0359c,Linda Pratt,8557.20
17e51ec8-6e13-449b-9571-0d1e18ef0e5c,Felicia Villarreal,5890.28
f12dd714-7f39-4b71-a8e3-c6b9293ebf04,Andrew Vega,1159.80
0e7bac03-784b-4565-864e-5f7d91e9a66a,Matthew Duran,8109.48
a78efb6d-9a18-4a2d-be9f-783bc302e956,Daniel Barnes,9147.17
144d6a93-6054-40c7-8d5f-0fd38e7d1396,Emily Smith,1361.70
4468716c-fc2d-4630-b0ec-a336aa6d0695,Mark Gonzales,1654.88
0c576272-a942-422e-8c2b-6fc9db29aec4,Kayla Trujillo,7225.22
c70f8b99-279c-4f1f-ab10-d1e8ba70d864,Steven Padilla,134.70
4f77f912-29da-430c-a499-598d7ad474f1,Michelle Nelson DVM,5914.65
74dc883d-4455-4eb9-93e0-e03ab8d4bf9f,Loretta Stanley,1626.78
ff55be13-205a-4ccf-b641-a981c339cf5a,Manuel Mckinney,1559.85
40d9c33c-591b-4780-8fc7-3dc3af5bc7e6,Amanda Brady,3136.09
bda52525-1479-4154-b35b-8ed092da7cbc,David Hernandez,2861.83
34057bb5-42ab-4865-98bb-77fd58951ec5,William Lopez,1939.46
dc6ee81f-9701-4505-b3b7-16c8e0411687,Jason Brown,6571.43
bf2dc0bc-141c-4ddd-9a42-12817f9317ac,Jessica Chandler,6344.89
6e294cc1-9f48-4fad-898f-c6fe8b43026c,Lee Sanchez,5815.36
9e298587-b51a-40bb-8d19-b8f455cccf80,Sarah Parks,2190.86
e7d8565a-a0d1-4e2e-a25c-fd7593c2b0bf,Beth Waller,130.03
47cb369f-a7e1-4c89-aeb4-065a15ed0bd8,Jacob Jones,9007.23
578b9afd-d13e-4db8-8cd5-e16afabc19c4,Carolyn Reed,2567.71
b5f0d055-e51f-42c9-bae2-a65fd788a574,Jody Joyce,3470.24
8436c77e-edd5-48bb-a75e-1f7ece070a05,Karen Harvey,5091.77
b3621ade-f362-4ab2-8981-272aa8aec183,Joshua Gilmore,9799.74
22eaa174-20ac-4b4a-8634-b7e5eb9b77e5,Kevin Davis,1733.01
52b3f91b-7496-42a9-ba6c-21ad4c9fea26,Michael Morris,9992.75
0710a7ae-1b41-4dca-b7db-587c129c9a72,Tina Benson,4927.25
7f64a590-30ab-4944-9997-5c69ed1bdeff,James Wood,6220.72
6c1fd32b-38da-4043-a5a9-a2847adaac9d,John Burns,1840.20
4943286a-79d3-4b6e-853f-e7e8ad524211,Anthony Henry,2177.15
fa35cdf3-b684-4d78-9c3e-3839b6034b9a,Deborah Wang,4143.65
b1a72afb-85b4-4071-a917-8b4f2aec0546,Regina Campbell,3627.56
fd9c5536-2f77-4526-a7ce-d576081c616f,Janet Perez,2390.40
4d16bc8d-780f-46be-ad72-397ead2137f2,David Fleming,934.58
f831370a-ed5d-43cc-b402-48734f9bd7a2,Richard Ellis,7372.19
9ba7aa88-c6b5-4773-bcea-8a7b4e733634,Tonya Stevenson,8167.33
c0f396de-e860-4f05-a939-d5eeb8ec41ad,Megan Silva,1189.96
80218951-f204-437b-8bb6-9d7fd552c056,Mrs. Debbie Morrison,3846.61
516a9e61-2f9d-4f3f-984a-711700a19bb1,Morgan Rojas,2720.71
7ff69917-dc59-446a-bb85-e2165577f4db,Richard Webb,4948.18
710171c5-1321-4092-8753-3dc8aeb4ab28,Russell Burnett,2423.79
975b4e32-d098-4594-9835-366c1c275421,Andrew Armstrong,1666.96
9d7f2928-7bc1-4046-9234-fcb815aa1f42,Maureen Thomas,8040.41
cb371c72-5296-4114-977d-0a4f055be021,Kimberly Weaver,354.28
78e23f04-d884-4d03-a6a6-cea1670b7384,Mr. Mark Gonzalez DVM,5260.34
80c607ca-58d7-401a-96d9-2126def6d5bb,Nancy Rich,8683.31
9ab5c7b6-1295-4ab9-aa39-abecaf9085be,Roberto White,8497.89
9e320f97-485e-466e-8502-4233ddd13162,Amanda Booth,3854.15
a701184c-a30e-4940-ba8c-3a35cd7c2209,Ashley Chavez,6673.75
14a93dc5-981b-4480-8d8a-9e9c8f75ff7f,Mr. Ronnie Fuller,4352.87
704df3ce-2161-446c-8633-41bebf0582b6,David Martin,5919.07
973ed427-aa9c-470b-b48f-a3020fb3fac8,Courtney Kline,1581.21
62b5cc54-50bd-4b50-898e-3f56f4ef77c2,Heidi Johnson,8130.19
672ba506-2c19-476e-98c4-6bb5d3050aca,Carlos Vasquez,8455.18
e506a5bf-f476-4afd-96b8-e81313d7d543,Vicki Roach,5394.87
49676faf-d01a-4d6a-82f0-e358853a7b7d,Karen Johnson,5830.07
6bde05bd-66c5-4286-90ec-83302c61facd,Mary Gonzalez,254.46
2baab90d-6b47-4104-bccb-b77be5c8d048,Tricia Duarte,642.18
45f71971-20fe-4f38-b7f5-dd917b072e45,Mario Carroll,5526.28
a8709582-8bca-4c9d-80c6-cea60e5ea410,Elizabeth Carson,2237.65
4efcda16-0891-4592-a7a3-8fddaabd7276,Jessica Sutton,4560.12
656d8bbc-8230-4530-9017-c20502eeed27,Robert Osborne,1612.51
2aab7a54-b160-4955-81c7-3ee71db4eea3,Sara Acevedo,9123.41
30a70f2e-8181-422e-a332-eecdaaab7e12,John Maxwell,1361.94
117985ad-7e2e-478b-9a3b-91101d2e50f8,Angela Hernandez,7226.20
4602e76b-c191-421c-b2de-0ef4a169e540,Tracey Brown,3696.72
0a7e5e19-428c-4a5f-ae74-5f1286dbd0b1,James Beard,6175.06
ad254dfe-e880-4a41-bfca-dbd59322a064,Brian Williams,3064.96
3c403f08-32dc-45c2-afbe-54ca61b33bdf,Katherine Brown,6989.05
da700642-70d6-4295-8bf5-c7455ae02822,Christine Walters,2059.47
8080f64c-90fa-48f1-90a8-a17c55b3c7fd,Stefanie Ingram,1563.08
b67c7140-8833-43f0-8181-7804c2d07aaa,Larry Rodriguez,3062.10
481ea631-8823-451a-8fe2-c52addcaebae,Barbara Mcneil,7669.11
d98ae944-e29f-4307-a535-80278fce1d86,John Dean,219.78
d8ac3327-7553-4ded-9ac7-94597040d924,Zachary Terry,2321.22
e2e9c935-1f5f-49b3-9b4b-e12d32b12a47,Tyler Jones,7415.59
2b27be18-7bb8-4f80-9e0c-946fd6067ace,Jay Haynes,9070.13
231847a6-89ba-4459-8c85-24493ec5c38b,Carol Gaines,3498.22
d9a0f917-c8b5-4bfd-9d39-ebb4687ed143,Jonathan Oneill,9608.32
896b38a4-a357-4388-9a6c-7cf9d0f9dfd2,Oscar Davis,9343.60
ed373a5e-bb33-4335-b033-5a191d3a18ec,Mr. Nathan Hansen,187.96
e98cd47d-1881-4614-be51-e54e608ccdda,Gina Montgomery,4999.40
f8f25696-7190-4915-876b-52f547b8caf2,Ethan Brown,5713.26
06f6b443-9772-49ba-b74f-b89bf4a8c420,Matthew Rogers,5240.51
e1e0470d-7985-4901-9c57-8c7d10689326,Mr. Mark Shea,6069.35
193c6c8c-aaac-45cf-9781-3f5c088e02a1,Tammy Munoz,3390.64
be14f279-0cfa-4b42-9b97-81e6c4833089,Robert Wilcox,6213.69
5cdd58e7-f504-4662-8ca9-3519278b86a9,Glenn Lawson,8991.05
045f14d8-16ad-4ea9-bc76-eb44c932b379,Maria Gray MD,7900.10
f546ffa0-6936-4242-9d97-5096c2219271,Linda Robertson,6993.66
36c7095b-0252-47ce-bb84-593304226b77,Susan Lynn,5163.63
76c942c8-8a8c-4d94-954f-5afe0d2dce8b,Theresa Murphy,460.53
1c93a45d-fb76-4725-9ade-c5170300bbfa,Charles Smith,2812.18
75641ca7-a597-4c71-bece-68526d3cb408,Jason Molina,3007.38
cc01ad3d-f0d4-4346-867d-827fab024429,Anthony Fuentes,4688.51
e7104067-41cf-4fe2-a80f-3aaa021776fe,Christine Gill,1401.12
b347f663-012f-43de-8db2-b18b453fc0bb,Kristen Villa,1786.96
34744e6d-9ae5-44db-9fb4-4be9604fff52,James Hoover,9046.85
8788cca1-cc5c-40bc-a7a0-5ce5ca7dd7af,John Stevens,3770.99
cee9f963-469a-4fc7-805a-d1c7a8846dc1,Ronald Hunt,6558.86
7c626001-3d58-499b-b7e2-19ccd409b1ae,Frederick Ward,5476.85
c16feeac-57d4-488a-bed2-7d4266ed5afe,Nicholas Henry,5440.81
2ef5d167-07c4-4bcd-8d00-174b41691794,Casey Myers,6273.81
25a6ae96-d8c2-4f96-b9eb-0ff964bc78c0,Mrs. Tammy Pham,8112.72
61f817f0-e288-436a-b7f5-492c65c46e43,Renee Peterson,4578.94
f978a7af-ffa8-4692-8bbf-722742aa53fd,Todd Richmond,354.27
7f2553fe-a189-4689-8512-aade47153cb7,Lisa Smith,9872.16
baf3cd97-18cd-4006-b461-36641398100d,Allison Price,8838.83
cf26d300-eee9-4f63-8385-4100bcfe9909,Jacob Barnett,7247.42
d834b0fc-d126-4924-9887-b71c0027b252,Mark Norris,2363.60
e898ffd9-5549-44e0-ace3-f631d4ca1435,James Avila DDS,1324.45
4f8a29f7-6d23-449e-bd96-621a0f33497a,Melanie Fisher DDS,7783.96
316a09a5-f688-4302-a552-871aef4c05a5,Amy Potter,9890.84
d25c289f-67ff-4986-b54f-bcf8c33890ce,Brian Gonzalez,8647.86
68f041e6-5331-46e6-ac50-9deee2636935,Isabella Owens,8019.30
db89276e-ca13-4e39-a460-5491cad11602,Tracy Burch,1167.95
56bee7ab-b54b-41ee-af2d-eb82b9048f5b,Sherry Kelly,8897.48
694a4235-1f8a-4cbd-8b1a-f13fa7e25829,Gregory Pittman,7368.26
51a9b89d-9181-487f-ae38-8b1e52e237ec,Mariah Jones,5195.75
587752fb-c9a6-41e2-ad08-d86a3645ca95,Rebecca Johnson,7253.51
ce962279-60c5-4422-a48c-88342c256cd2,Maureen Mack,630.01
b152a914-dea5-4a0b-bf54-d5fcc5dc2f4a,Tracie Walker,1622.63
f4d3f76f-2f7c-47a8-aee5-4f332a25897e,Lisa Fields,2446.46
2fc305f2-ea36-4124-b86b-921adc04b7dc,Melissa Reed,3837.20
25ef47f3-0123-4016-9f92-fa8a5776fd25,Jonathan Roberts,6672.78
88b156eb-b584-4583-b6b9-1941baef77ee,Renee Richards,5699.78
eb462591-f41c-4966-a547-90d2b667979e,Joseph Anderson,4814.95
3ad488b6-5004-49a7-a0f4-fae9f9e29fde,Robert Poole,7995.20
ee3dc1c1-ae1e-40a8-b095-16fa758345e8,Corey Martin,9359.72
b3b2053b-5c52-42b1-b2d1-bf381183326c,Joshua Ellison,1438.73
e874abf4-0dfd-40eb-9e80-b9c5327df801,Natalie Shelton,9094.35
8daee724-ced4-4d60-a87f-64d62c2d3063,Katherine Lopez DVM,3272.23
865c48ce-c4f0-4685-b0ba-5572eaa28e61,Kristen Guerra,5707.49
8c400870-a9c4-4faa-b95d-c4ff43d7bb93,Terry Carrillo,5405.85
c3ba7d82-bf55-4687-af97-89ebafe5c452,Christopher Diaz,9255.35
c41b0484-9c1d-48aa-a6d6-9c10c0417c99,Mario Horne,5712.43
9fa59b60-ad79-4a28-8787-024e8c92102c,Ronald Kelly,2194.36
ff9e8375-7655-4863-9130-2762a1c36150,John Mclaughlin,2276.64
addb1e81-dce8-41a1-a4a6-8558ac331730,Mario Davis,4784.37
bb8da619-9874-4d4a-bdd9-d618e08ed339,Michael Cruz,453.55
2aebd478-f04d-4776-bad4-9a285aefa7f5,Mark Jones,9634.26
0f7ff79e-2f89-407e-82df-bcee092b6855,Lori Figueroa,122.94
7a80f1eb-81e8-4875-84da-741bbee8feff,Jason Mcintyre,6188.70
1329c50b-af52-44dc-bdf5-f7f86ec4df73,Angel Rose,1963.26
9f6e886f-cf53-4242-ad68-079f10f05dc1,Dr. Andrea Medina,3143.29
9e1475ca-c3f4-4e98-8b7b-30b563462869,Noah Fuentes,3959.85
23e9638e-1a75-4361-8300-a951205ca762,Angela Lucas,1492.46
b3cc01fc-5321-402a-b106-47de77462c27,Shawn Baker,8256.33
d4faca2d-7dca-47c0-acee-2ed62dc50106,Javier Smith,111.62
282ccfeb-dbed-4276-81f6-aa3bc99cc7dc,Kurt Thomas,1666.21
fd89c78f-5116-4f10-9bca-09c90534f83a,Brian Simmons,3120.79
13ee0cd2-3c9a-424e-b535-0e35ebe7ebfe,Bruce Chen,2511.17
4e1cb27e-e6eb-4026-abe9-212354f5292d,William Wagner,7661.33
5fac4dcf-ba3e-4303-bd6d-0527056b350a,Carla Bryant MD,2883.79
a36716c3-f86a-4f92-b749-021e7372f49c,Ashley Peters,5724.15
b93b0753-c401-4373-ba46-78089f83955e,Alexandra Evans,6464.93
4304720d-8bec-4f07-b6cc-157805cf95bc,Kenneth Sullivan,1288.01
b479277c-3191-4c88-87e6-12ce970eadb8,Lisa Ramsey,2950.97
6848ddcb-6054-4321-9c4d-0dd761800a81,Jessica Cuevas,3785.16
66536b34-b15e-4d7d-805b-76f68ef8bf4a,Morgan Clark,6224.82
aee5500f-b57f-40e0-b64c-7ddeb29502cc,Stephen Johnson,2310.47
9faa8d28-568f-4b09-922e-698824a773c6,Sara Chung,2270.34
66e1bdb2-75c8-4388-bf48-a49b78233ea3,Bobby Dunn,6709.68
59b61714-7078-4146-bf3e-fc31693086e7,Brandon Fowler,4669.61
9675dcec-31ae-4e03-98a2-86dc1c821c6c,Denise Moore,6011.57
f9e4a4d0-5f97-4a66-9e9b-529ae260c784,Julie Lopez,6492.74
d46cd2f4-2682-4e4b-9dd9-faba3d91ea74,Scott Peterson,1665.85
5170c13c-9cf7-48cb-b68c-92cc1d030214,Ariana Lam,6908.96
744eee4e-842c-47d1-94a7-bdf6109cc283,Virginia Williams,9845.11
74c11701-f80e-4722-8555-869f4c90d378,Joshua Gregory,1103.62
40c5859a-e533-4511-b606-f79ecc6c9813,Lisa Park,9905.73
6da2e702-50fe-46c7-8253-de5c908eab3d,Julie Zuniga,8982.81
dc31871a-57ee-4dee-b6e3-f868bccc912d,Kimberly Maddox,606.16
d5fdc79e-b60f-4abb-adc4-c54f6f01e9a0,Earl Nixon,3892.54
bd859500-3bb3-493b-9434-a6f2a2e35c8e,Brandi Drake,1739.65
452664af-1efa-44e0-8599-08e1933f5846,Jennifer Moore,153.73
dc0862c6-205c-46a3-93e5-6ffd59e550f4,Michelle Martin,2696.44
a4607a9b-4bcf-44af-b422-30b18bba69ef,Jessica Shelton,158.47
861d39a1-db86-4854-af9f-3d749383adf0,Becky Hooper,-8.46
dad4a4da-28ca-4bfd-8745-3ba89a7957a9,Carlos Evans,2083.66
c47f4e65-4694-4f00-97b4-2c49d7f4b0cc,David Bowman,4218.58
926f0a02-684c-4f52-8348-69ea63207775,Andrea Bailey,6513.98
7a645676-e074-4a95-a09e-5fc247c151d8,Anthony Cantu,3102.63
ab098129-d41a-489c-9ac7-4228b9126461,Jeffery Jennings,2235.93
38ffb6e9-3656-4d7d-83fc-0faa95e366dd,Charles Torres,7596.60
0085b769-a55b-49d6-9a4e-70aa997da93e,Arthur Flores,9357.69
948b6784-0db3-4f12-971f-9d5d3aac92fb,Daniel Scott,5366.77
f9034bd5-9e07-4b83-bf3c-910c27fe46b9,Jeremy Payne,315.19
8b530854-6958-45c9-ad11-e62ce368a043,Roberto Sutton,7345.37
b2f0b300-3b5a-49d5-8418-6644fdea9499,John White,2139.60
4e71e8e4-59e6-4265-b3e7-94d3cd0840fe,Alicia Stone,6890.22
bcf49ee9-e813-4b30-9d9f-8cbff31dc103,Steven Mccoy,4289.92
227a6bf2-7c21-4536-b098-b922f4f72151,Phillip Wang,1187.55
12733cd2-d561-4352-af9a-f5412da78cd3,Anna Horne,7234.05
988a29b2-da76-41c3-a6c6-624e1084725f,Amy Petty,8544.30
7f85733e-2630-4a62-b033-bca7cf48a848,Madeline Gray,8337.13
6ee80610-c03b-4347-a4e5-681ed4132a3d,Tracy Hayes,8584.84
96d990ef-1a3c-4392-94a1-79e833a5ccca,Amanda Trujillo,3093.86
0851ddf4-e53b-4463-8b32-08da27c7075e,Douglas Jackson,9229.72
fb0056a5-bc75-43f9-8424-6091d416c8df,Mary Evans,5699.17
72f0fca2-3093-4bf5-ad32-16f11c1767c1,Andrew Macias,889.02
15231d37-3f7f-448c-a8a8-68f29d0062e4,Debra Gonzalez MD,4789.62
9da93d3b-d4b5-4b5f-b237-87a30f00462f,Melissa Walker,7873.49
a2f08e3f-3ebb-4497-a698-863f4d168da5,Amber Thompson,19.71
c1769436-3f40-45f1-977d-42ff74f257a0,Paul Russell MD,3133.22
20e1305a-3152-42bb-8bb5-8c7f02ccd0ca,Amy Perez,2688.75
41d79b13-cc33-4460-881f-ed82dcb2c3b8,Rick Avila,3340.24
a7aa5cd7-4d77-4661-9d3e-427d8a2bb68d,Travis Davis,5542.42
efe9b2ca-4ddb-4a96-b742-07542510b4a0,Michelle Guerrero,5676.27
455975b8-b1ce-4452-a885-bf11f5b8c595,Joseph Rojas,8028.15
2c44e977-0bca-4558-b410-e9e99a41289e,Lisa Grimes,7591.33
33c7658a-e869-4ff2-b5f1-e00de7bba281,Erika Smith,-16.40
eae0ee3e-b214-4728-8a96-c8e2e870f0c9,Michael Johnson,913.95
cd06ccbc-d126-45c7-84a0-706dd4d4a3ec,Kent Williamson,9.72
e806d099-8304-4c2d-b3a6-6f936a61f34e,Justin Rios,9622.83
7951bfe3-e5d4-4a86-9b46-568f5bbb11b6,Christine Liu,2771.35
4f5ee3e1-f59e-4678-b6ea-ce3f67892353,Mason Rodriguez,685.51
46986351-c8b2-4c27-b186-23f81cec1fc2,Jill Gonzales,1682.92
991b169f-6919-40dd-ae5b-8ba1b3ca17cc,Brandi Middleton,6278.20
537ba4e3-c494-4256-89c8-7e7fd353717c,Lawrence Nielsen,4157.00
dd388235-b3fa-4fe1-8326-72bedae87291,Benjamin Johnson,6297.99
d13f3106-bf9e-4e4f-856b-e34e50458f6a,Jesus Leonard,8007.14
573406d7-ba05-444c-ab56-96af2b77ac6b,Justin Dennis,8239.79
ca80da8a-f4ef-4bdf-8c06-be0eb26e1d7a,Rebecca Baker,2806.73
9f866751-a080-4a23-9724-c280bd00a617,Jonathon Leach DDS,475.64
3d72b517-e6b9-470d-b201-e8bea6688110,Stephanie Fuller,6061.15
c0198b48-78d5-45fc-b43e-1ad60fb2eef8,Patricia Williams,4927.47
d903a087-b56e-4684-baac-5e88eafe1090,Michael Odom,1110.75
9595ab87-0842-4430-8f64-2ad1f96762cc,Ronnie Barker,4121.51
1c5d06e7-9fd8-4385-8a90-1e4cc7795d98,Andrew Scott,-51.96
206ceab0-e8e2-4227-ad85-21484b7020ac,Brenda Pierce,156.90
67eb9027-302b-4ff3-aef6-d0fbf6ab58f2,Daniel Ballard,2758.84
84c175f5-f00e-4929-b9bb-9c8d1a6b83a1,Travis Russell,9039.80
51a0c855-3f31-4d35-8bc2-a774632c0de6,Kathleen Hernandez,9028.89
a189b96f-bf8e-42cb-9cbc-ad5494fdfe38,Leslie Snyder,5961.76
b4b6f285-e1e2-47b4-80ff-63a82149de08,Crystal Andrews,324.90
f866881a-4ed2-408e-81ce-f6f85a13fd4f,Mr. Michael Cruz III,7664.12
c6b568c2-28bf-4520-85ae-7106f558d397,Don Price,5167.94
4727d935-dfc9-484e-bbb8-2f45f9130297,Pam King,2560.40
6cd08368-b07a-4420-9f99-f3d84a3221ff,Lisa Gould,3705.59
b47eb936-c90c-4981-ba19-c134f6260bd8,Beth Coleman,520.01
f069b2f6-93f3-4ca8-937f-6cf3cad09d2b,Claire Evans,378.51
d7e0a42e-ce00-4cef-a269-133dac7257d4,Keith Carter,2884.11
485ebee5-9b95-4876-a17f-5f54ef305561,Anthony Cook,890.94
e099e9d0-bcfd-4066-b90c-00c442ed9841,Sherry Burton,9975.85
d0025625-7fde-4f21-8734-a8bfd003221f,Samuel Martinez,9318.96
3a35afc0-1254-4400-9872-e227d9669b7a,Ashley Anderson,4991.54
6c886965-c9c1-4def-b41b-1b09d1891df5,Darrell Lawrence,2584.48
8ee2a6a2-2d74-49b8-9d4c-9b2d0aa57fce,Crystal Knight,4760.15
77f92f47-3fcc-4478-94cd-c8b4d84c3d36,Derek Davis,2195.80
229b7ddf-38de-4595-a584-cc353dca38b7,Rebekah Hill,4623.95
cedf487d-95bd-4a2e-9540-0ace599b85d0,Priscilla Lynch,9354.16
3c4bda56-82cf-43ca-b777-c37b979beb75,Lauren Boone,1628.48
9a4ac1bb-abc7-4bb2-8586-3cc228aea9f2,Kathleen Harris,5155.76
9a7de1a2-df5a-4b91-ae7b-b16bdd8d7df4,Amanda Dixon DDS,6656.33
a98404e0-0145-4c48-9d34-8dd3874643f2,Lisa Davis,4023.24
57bf2613-051d-47e8-b906-36172defebf5,Randy Hopkins,749.17
4cbc3e99-be25-4ab4-a688-667f592883d8,Richard Harper,839.28
3dc5f679-c868-43c0-ae79-5ca4158f5826,Carlos Howard,3352.80
db46ac0c-fb58-4deb-8edc-a43bdf406b5f,Marc Herring,4946.95
d2e1b817-1f3e-47fd-b8fb-88aa2da94850,Mr. Michael Manning,7328.89
c3e21983-8256-4183-8f72-c5bd30ec8f7c,Michael Garcia,8030.12
c9979227-165b-4fe5-b3ec-5a7c52d578aa,Dennis Griffith,7365.49
95ef868c-fa49-45ec-a968-b3b2403b4c06,Daniel Castillo,5875.77
f0475222-65f0-456e-b734-2f2f575f2d84,Adam Knight,9478.15
b44cd922-22f9-45c2-9630-6da95df2dd7a,Kayla Mckay,4702.91
6c28f31b-5339-43ab-8ef9-c027e4efc0e4,Stephanie Cole,314.18
0034c4a7-6bfd-41a2-8780-a8e8dd282cfe,Cody Taylor,4535.43
519dc21c-8909-45ae-b32e-7e985522636d,David Gross DVM,3021.30
0c91967c-c714-4df9-a4fe-a265013201d2,Lisa Harris,8299.54
3242f1fd-b22a-41f2-8d13-170b162dad33,Joshua Russell,8421.37
6ad34652-f2f5-4f41-8275-f080197ecfaa,Jonathan Cisneros,3498.81
7c41c97d-6f84-427d-85b7-c6548bd81f83,Richard Kaiser,9829.44
d05308b1-52a4-4828-af65-d526ba0fe13b,Jeffrey Levy,6729.49
548ab349-e78b-4b46-ab6c-528daf7a70c8,Erin Gordon,9262.78
efedd643-43ad-4b09-af02-0cc22b7d588e,Holly Robinson,2004.67
2354c76b-c118-4201-a7b7-7d773720f748,Pamela Dorsey,395.09
9e297995-c424-4dec-9ad0-8f08dae8cba1,Andrew White,1341.79
fe4a6c1d-3066-469e-9f5f-fdaf2041e036,Katie Silva,439.75
3ee503d8-9542-4695-981e-27ad7289920f,Elizabeth Green,8436.58
d01b8ad9-0c94-439b-aee0-3797a6e3d47c,Debra Gibson,2971.01
d60695ce-34ac-4b46-af2a-0e609610abc9,Robin Long,2883.72
20e87b18-8eb8-46a4-9535-9d7d87eab8a8,Jason Johnson,814.70
0112a171-d8ef-4dfa-b784-c387e0ecdf97,Monica Love,2612.22
a969a6cf-982f-4433-bfb2-f14b8f4d2753,Michael Boone,4783.83
ebd6eb92-513f-4ba6-b447-52f7b2e2a566,Roger Reyes,6970.50
085d893e-6e1c-46e6-8451-c48cafde1902,Jennifer Price,6581.82
2bd27700-7b02-43d0-ab7d-88500fcbf6c3,Oscar Lawrence,6926.08
72bb5ea8-47d7-4ef0-ad6b-de6bfce35468,Jennifer Graham,4095.04
43a64962-9c22-45af-bbe5-ac7d0e238df3,Kelly Hill,-60.94
3a99cdb5-d289-4f46-bc0a-0988b1ad5df6,Ashley Smith,5782.53
dff7548e-fbf4-4a6f-a122-bb761a3abdda,Matthew Lewis,2816.97
3e73e400-761f-4934-8689-00b9f9808cda,Tommy Mercer,8466.46
72eb5f53-e58a-4c0f-b490-f49179db58c1,Lisa Hernandez,1220.21
446b1f49-3dac-4b2c-9c47-e475c60a7794,Charles Edwards,4906.75
165c52f6-3900-4d9c-a168-8b0c8d7af2d7,Ronald Robinson,3890.36
9fa1f90f-e726-470f-8c89-765fed13fb3d,Ryan Brady,1781.15
1912c143-48a9-4b50-999d-98abd59f7291,James Maynard,4418.84
7606d25e-6dd2-48c8-9074-ebb5758c181d,Peter Myers,9266.47
00b56a42-a715-4057-834f-b2b5f07f00ca,Joseph Smith,3945.17
0b3ab755-e5f0-489e-919c-05eb779a866e,Donald Owens,8165.55
b9b128b4-bdd4-4439-b595-4a4054c8087c,Jacqueline Hamilton,1048.44
721dede4-4116-4f31-9cd6-29bf943e8480,Matthew Greene,4577.37
46779d7c-3105-4278-9f3b-71185de3a0b6,Jennifer Woods,7845.32
65702dd2-66f5-41bd-9616-2ff5269ffe21,Norma Good,4123.90
2d8de3ca-f2b7-4a11-a6f4-6150d2bb3a9b,Ashley Smith,7824.06
a1b5030f-6d2f-4f3c-892a-eb04b4b6f269,Donna Ross,5561.14
d5fbce7b-13ba-46fe-8b58-20376f3dc33f,Angela Miller,4837.78
0c278b10-35bd-40bb-b513-566bb3f9c16e,Kyle Anderson,8561.19
7c92516a-4809-4f31-8b51-dfe7aa5b634e,James Johnson,420.10
d9ba62c0-90ba-481e-b8eb-ac01c9001cce,Tyler Wagner,664.85
5902ac0b-7c02-4aa7-b031-2aa093598789,Suzanne Hardy,2272.25
1195a7f5-0db5-412a-9f87-f81c6dbca274,Miranda Anderson,1500.09
28b2c100-90f1-4b16-a3e9-38fe224f8cb1,Harold Wilkerson,3710.87
a1bd1ea5-9fa8-467f-bce7-c16db7619a0c,James Bishop,2359.70
78096da3-d959-4c67-b593-176cce07de3d,Christine Chavez,6008.48
37a5b9c3-4162-4fb8-a4e2-d76afd4ebf78,John Nichols,429.62
c130f8ed-9b5e-4216-9538-843bd834fbf8,Adam Moreno,5353.52
6f6e48ce-9b88-43e4-b717-9e5cea814621,Bradley Mason,688.96
70190147-05e5-420c-bd14-c4df0f46de89,Natasha Hunter,1335.52
958724c4-00ab-47f6-bcf8-ac554046b7dd,Sarah Williams,1912.67
eb8d9d21-16fe-4cee-8f81-75ec8826bb99,Brenda Chen,3039.58
aa939625-dd51-46ed-bef3-ce5955cf33f4,Stephen Simpson,61.22
39d02fd2-4247-4985-ab08-416eb54b8372,Crystal Allison,6720.92
2c9a94ca-9d77-408e-8fd4-ddaed5859002,Michael Robinson,6547.52
c70479a5-bb21-4838-b32d-e0d5d410e223,James Odonnell,7347.93
213b5c56-e20d-45a8-87a3-9adb911ec00a,Paula Garcia,1762.26
b7a78ae9-7c7b-4cb0-92cb-583f5ba053d7,Christine Pearson,7404.90
b114a2d1-4f96-46ae-9586-ddbd1f0bb2c1,Carol Jackson,5225.87
ab27c19b-9877-462f-8191-2f6133bf3026,Kelly Jones,3386.65
d4d93707-073d-4e3c-a2d6-1b74fbcaae04,Maria Bishop,5832.83
55764a78-c491-4a7c-88b3-1a4b0269698a,Paul Patel,2824.10
a000a737-5832-475e-8ca6-5e056dc635e9,Karen Richardson,9515.60
bba1fab6-f647-4344-8493-a9a400b5eba5,Grant Barrett,9147.34
35939dea-4e57-47a3-990b-76a8df68227d,Gerald Ross,3554.46
e2a0bda9-f860-4775-ba43-6e23403e8427,Ashley Wu,7440.60
bf1eccca-50d5-496e-9cc2-e2329a2ebb49,Cheryl Scott,6718.06
91be6b41-a999-4a65-b3fe-19be9efcdeea,Karen Parker,4783.34
5e5023fc-8a77-4076-bba3-f25ba08270ce,Rebekah Brown,9033.96
4b69e973-b77d-4b4f-be4b-5927b70669ba,James Campos,1465.24
b5c4f377-30d4-417c-aa36-586ad09a0f98,Alexandria Robles,5897.99
565f825b-9b35-486c-8f26-ed75db43f6c0,James Perry,5820.06
c48f64d4-64ea-493a-865e-b8cbf3d37ebc,Aaron Morris,4841.40
e8081388-8e82-4116-b1a0-f71192373d21,Timothy Camacho,9658.41
f661c5ea-3423-418f-af71-cdbbd4158a0f,Nancy Kennedy,4207.76
2ff2ae2c-a83b-4604-9436-5b22d95c69dd,Anthony Vega,8021.83
e10301a8-7806-4973-b96d-6014c69faeb3,Ashley Pitts,2034.28
1185867f-873f-4b0f-a5a6-9a5426bdad1d,Michael Wilcox,5042.42
7b1e09e7-f34e-4145-830c-65e04031ff52,Charles Vincent,496.97
d7c0972f-7531-4a4a-94cc-60a01ef4627c,Shannon Tanner,2146.12
d741e682-e674-4521-b42e-89b6ee7dc3a2,Jeremy Adams,8105.45
f79bd971-026a-4e00-a2bc-c3810f2fba64,Cathy Graham,1540.30
a7b13c22-87f6-4d16-9025-42a13385f3bb,Jennifer Ball,9851.73
f5ba2bd9-bee8-4087-bb5d-134fe2a37929,Ryan Knapp,4326.95
2e0911d5-ddd2-4734-9ea3-fa0d951586a2,Adam Jones,2274.29
9942de04-65cb-41ce-8f8f-ce0fa5c06eac,Michelle Leonard,3329.80
0a3b9fab-e7ea-4dce-9cf6-0d62de7a9f65,Leah Dunn,9867.54
617cfc9a-755f-4556-a1af-e29aa4521491,Cheryl Medina,4615.74
4804b3da-ed54-4208-af25-4636dd085d1d,Gregory Martin,1514.93
ae592bbc-1e76-4fec-8e2d-451e8cb231de,Mary Chavez,2995.29
5d375155-926b-4261-9ded-48e236808aa3,Mitchell Perez,1249.48
c46206eb-c466-4a21-b782-bc75d185fdf1,Caroline Taylor,2210.66
875fa2bb-1472-4c27-a875-af9e4d813008,Dennis Wilson,5328.50
46d81d78-79b2-43b9-b9c0-2c207ef587c2,Zachary Wiley,4301.43
2eb456fa-85ef-4407-876b-33f2a87cddb1,Jason Singh,4414.26
eae77526-c555-499f-9ae6-ef2077e87ebb,James Gray,7929.94
d9189eed-b955-45bc-a06c-47ecc91e9192,Crystal Baker,3396.65
abbf2977-303c-447f-9522-b28a53d61524,Jose Nelson,2007.65
7fe43f66-b46f-4b5e-be6c-a8b16ca0739f,Jessica Barber,3870.45
4ab9dc3d-a833-4a06-9ed3-a0c58e10150f,Carmen Gregory,3455.38
6557fd7a-d7fc-4c79-9811-83f2c2cd6d1d,Thomas Hines,3893.19
f34359f6-81b1-46f2-8e6d-1a08a67710a3,Sean Myers,9999.45
2f5fbbff-e0cb-4625-ba0b-725ff2f17121,Eric Edwards,4602.47
3cd6b102-9f4e-4209-a757-9e417b81d396,Richard Mora,6888.49
e18fbdc7-e834-4905-a93e-ffd381886c04,Brent Alvarado,1190.67
c1849976-a584-4a05-aa01-d70b084d9375,Charles Herman,3955.96
76362a71-58b8-44a1-a118-1ee09f63415a,Theresa Garrison,4394.49
5930c137-34ff-4f90-9cbf-d1a1651c1d2c,Christopher Stokes,1537.24
d2032b6e-6802-4297-a260-ee4efe6e2f5f,William Thompson,-6.99
b3761caf-164b-4b24-900e-f134535564cb,Alejandro Cook,8299.25
230e6dec-cd5d-4f8c-9980-f2f78327de5a,Steven Chapman,3141.90
e4450530-3e39-4461-995a-31e1bcfe3130,Deborah Edwards,2982.60
bd610721-d29f-4c2b-8b63-166eba26e8cb,Justin Day,9569.16
c9111463-8802-46cd-9555-f4c9a8524133,Roberto Carter,4539.48
2f4b3dfa-0c78-4964-8a4f-7c4e37053ea1,Jose Owens,4515.68
853a214d-a93a-496e-9fa3-4f083c386816,Sarah Nichols,5309.22
2c279ce8-31a0-484e-aeeb-3d2d930e85e6,Amanda Fitzpatrick,7763.63
3f5a7b20-4821-4cfe-a384-5e7554ab84e4,Jessica Roberts,8297.37
48132a2f-7e2a-4125-985f-c3d0b9baed33,Lisa Price,8682.23
3f2f7f6e-ee8c-491d-b475-17e6e9e57fcf,Mr. Jeffrey Allison,7046.49
33075a3c-aab2-4d49-91c0-de7860439bce,Dylan Mccoy,6036.04
17130876-1dd0-44de-a931-8374a24b7f17,Daniel Carter,9693.99
a9c1c246-5e41-41e7-a9b2-913826348b32,Monica Herrera,4211.59
43edd938-aa00-4dcc-a1eb-abe1f28e2e97,Stephanie Parker,163.83
34d02d23-6019-430d-9a7b-6c6b097a089b,Tonya Ball,6958.79
a7deec1d-4aaf-489e-84a2-f4e536832045,Lisa Hicks,2672.66
4d37261c-1ac4-410f-931c-7b8c28a9a893,James Tate,5585.29
bc619c52-76fa-4561-9a32-81b23fe95a62,Leon Smith,8115.53
6e90f748-1a66-4f07-b662-2afa6f9d40f7,Paula Bennett,5264.14
f54911ac-eff2-4542-9ae8-b09dbb1cc770,Mark Ortiz,3204.48
d9ce4b95-acc2-424a-aca0-008ba9b9e80a,Mr. Jose Nguyen,-20.32
304f43b9-ba42-4deb-ab33-91cd298f7f71,Robert Smith,5981.80
701cf267-5ea0-4a2a-8906-411b78c4ec35,Mark Contreras,2845.49
4b3baae0-04d0-4d5f-b552-329ab2ee290c,Terri Lee,2957.70
546a0d1d-6622-4a06-adb4-49728ef692bd,Anthony Holmes,2695.13
4d69e040-c2c6-4a21-b71e-8d7caf54e4ca,Eric Waters,7532.06
4094ba05-584d-43f9-b5e7-667a87efd3f0,Joshua Fuller,616.41
401c554b-1a20-4cf4-8d51-a6fe7a05337d,Nathan Stewart,4455.65
e8d09dd2-4d42-4205-97d0-45d7a80ed6e7,Kelly Wright,3388.36
03ea1663-e5b4-4702-9dd3-b32300977cd7,Nicole Gibbs,2693.00
4ab4c3e9-265e-4140-b81b-6ea6dd811a8b,Susan Hernandez,5917.86
6c938685-98a3-4ad3-9a5b-37f67a9ed328,Terry Miller,8722.33
39f1a514-f79d-49cd-ba91-7bb7f0294703,Jill Moore,8573.47
d58d06e2-91ec-45ce-8615-fe19d439f397,Christian Jensen,2222.99
a257936c-4a75-4303-877b-6e9d4f6d9211,Brandi Hampton,3321.42
49b6a107-b589-4d81-8a98-da4e89354acd,James Newman,8097.67
836590e1-4be5-4e99-ab11-5541ad2b3b53,Charles Smith,6828.90
8f5df2df-e52d-46d2-b911-1d33571d4a02,Jason Harris,4652.69
c7d2d340-af20-4fde-9c96-34da6e9532a6,Richard Anderson,1856.82
7533b66c-be78-4252-883c-d344113ee6e0,Margaret Griffin,7867.65
3ec6d81b-1aa0-4a9b-b44b-b30a31c9422d,Heidi Henderson MD,6304.77
64d84c79-5286-4396-bb1f-78943a1077db,Gabriela Flores,7220.56
1a803f58-5f8f-4a74-ac26-293f9111876d,Grace Marshall,7183.24
3c878711-f1b0-4027-9be8-8cefedec854f,Michael Ayers,2102.55
ebda87ac-4719-47ed-9863-f96b31b08d6f,Daniel Long,3882.75
6ff811e8-c12c-4ede-a821-dd87e589c9e2,Elizabeth Gilbert,8164.17
714a1173-a1a9-4b14-8068-35755b083677,James Kerr,6469.93
e0b9813b-0820-4399-9e2a-e7e3d81f823f,Nicholas Woodard,5536.07
0177ffbd-794e-4a77-852a-3e15761c32e7,Ryan Boyd,5088.77
aedf9592-8b32-4659-9856-e83d8f281770,Lisa Chavez,1430.25
348c630a-3563-434d-9ff4-e0376b85659d,Ann Henderson,9604.89
0a5627bb-0c00-42fc-9824-7ff34c4528dc,Christopher Barber,6920.69
2b75eca0-6161-49ce-81eb-e07883813b6e,Jeff Allen,6461.66
ab37d1ef-46ae-446c-a2ff-75fed024a483,Melissa Morgan,2368.69
143888e9-ac6c-48d4-82f6-e96de3e1f022,Loretta Rogers,4177.53
3297c676-56d0-4328-a37e-fd1f264cf59d,Andrew Hall,8220.40
1aa7a2bb-3b00-4563-9285-965a41808ea1,Wayne Curry,6798.98
5b7afd36-6956-4ca9-aa5e-0aa6205c8718,Sandra Mitchell,5344.90
8b607bc6-42eb-407a-b2f4-635b39265c99,Kendra Obrien,3100.73
7de5341b-2846-42d4-b9cc-efcbca62d040,Jamie Mooney,3376.43
e980b8cd-f97c-4ea5-834a-d1b3f024e404,Danielle Morse,4266.66
592f2062-bf17-4ff9-b563-e54b2bbd3da1,Brett Mcclure,7178.84
42bfeac1-bf3f-406f-bbf2-2f86b9cc2200,Nicole Williams,7428.01
3adbb960-a86e-4a9d-a15d-e61c117b0873,Matthew Garcia,8474.74
5c9f4b35-51ed-4dbe-927e-b0bdd1cb27ed,Victoria Dawson,9616.14
787a0114-5c16-4468-ac9a-d286f2434f2b,Blake Wright,1699.40
312935bb-27fd-4dac-bc67-0dc3ae42c811,Katherine Hines,6259.80
5bdf8b0f-9fcb-4b26-9421-5c2edd610cdd,Jeremy Quinn,9868.16
bef6f3ad-5ff9-441f-8beb-4e4729e80ad1,Susan Gilbert,2176.01
b9fcc923-3ab4-41db-a956-904a5313a841,Anna Lawrence,9229.03
6a411314-11b9-4aa8-ad06-d87787d0b01e,Ashley Weaver,519.52
1e6d3511-73f8-42d3-9391-a7977afd9445,Melissa Baker,755.89
9612d00b-8b92-4f47-ad1e-6a7532d7eb9c,Amanda Lang,2238.04
09fe7336-efc7-44a0-8fc6-29083916b946,Gabrielle Rodriguez,9409.84
1db67994-f416-4aeb-9e20-b2d87cb747e6,Nicole Hobbs,9895.17
7a0a296b-0934-4c72-b64c-7445bd633596,Justin Middleton,6054.74
59effb28-a9c3-4cd1-b907-8fdc50e60e8f,Ronald Avila,5551.85
ad81eff2-e1e1-4e69-aff4-738feca30d50,Peter Mccall,7523.43
0e392e77-d094-46f7-9678-00492d2831bc,Sandy Wilson,1103.43
291719fc-14a8-4529-9bd2-581c08d449b6,Mark Miller,1166.59
ddda38e1-2a22-46fc-b173-fd6bff113fc7,Kayla Rush,3276.58
f018fb3d-ce0c-4043-ba4a-40925156c49f,Christopher Hood,7500.56
2555445d-f38d-446f-aea7-cfa76280910a,Aaron Fisher,2399.31
291778c5-710c-41dd-9764-6105a6ec7769,Jared Diaz,2238.57
30f666ba-6092-4d40-94ae-79007fb8b317,Gary Cooper,1518.89
d84667dc-95f0-4736-99d1-d7d74787a101,Carlos Santiago,3364.56
b703eed1-b589-4e3d-befb-4622bfb38982,Erika Klein,377.68
c084d0ef-a5d8-41e6-a525-2bffd15eccd2,Karen Reyes,8332.98
c786a7a1-d777-487e-85a1-21e66dc5ee9c,Laura Anderson,3375.72
45d42286-e9e7-4ee2-9048-403a41f6679e,Raymond Johnson,4044.43
dc342123-5d59-43f0-b88a-e93f7ef29899,Joshua Miller,6282.51
6c2d731e-e438-4836-90e7-ed8742a2b5da,Stacy Carter,273.05
3e445710-e6f3-45de-b30d-e7b744f3616d,Tony Perkins,4204.81
f1b54be9-1022-4e98-9c38-ee94eb946108,Heather Mason,3158.81
9fec57fa-d265-4ff8-88c4-8da46ad317a6,Jessica Morrow,9587.78
cfcc6047-187c-41aa-b952-8f9cf43dd302,Dr. Amy Wagner,5361.23
de54b3d1-b1e9-41eb-b6cd-4f91f4ee375b,Sean Lara,6690.57
534ce6fa-8c81-4332-a70f-93072c01ee6a,Victor Barker II,6685.10
0ade6007-a859-4f9e-8ac3-2a4b05a0199a,Michael Hutchinson,2986.23
5da472da-5856-4c1f-9add-9b92886d5a75,Nicholas Jones,1804.46
c0a240c5-28a3-47a1-8fcc-682479c97fbe,Teresa Young,5699.09
3611d8c6-b5b6-4a15-8431-7200fee0aff7,Ashley Phillips,4400.91
15502bfb-7e54-46c5-b1dc-2ac216e5a645,David Horne,7584.90
e3d4f1c5-6b10-4e4a-987b-f94538a0fc70,Joseph Wallace,8344.05
5543f1d0-a1d1-45bc-bb26-70d21c9706e9,Jennifer Trevino,3626.47
dc1c8518-b867-40d1-b414-5f1bd1827a92,Karen Williams MD,1863.99
49e8e764-c8a3-40e4-b0d7-b2a14ddacc52,Tammy Mitchell,2547.80
1b4a595e-7e96-4acd-a0de-8b060801f574,Tammy Price,8084.74
3b6f4159-7b1d-464f-8bba-cd6644daed6e,Gloria Phillips,5574.29
200dfcf8-2b56-4248-86a7-1c1e9fed53a6,Taylor York,6625.79
8defd838-341a-4714-810f-8dc5ad59877c,Edward Blackburn,5186.57
a0630976-092b-4c1a-987e-730f38444a0b,Emma Ramos,5204.10
7dbdb524-30f9-4df5-8951-ebc26c437395,Jennifer Brown,3474.08
1a05a0ca-a905-47ac-8ca7-2afd2b7b3f2c,Allison Briggs,2954.25
21619bfe-aa19-4383-9168-670789e29a31,Sheryl Ryan,6330.68
54f904f9-4827-4c0a-ae81-58300b0afc19,Amy Thompson,9298.87
b4275112-6c12-4648-8ee6-300466d43c6d,Timothy Williams MD,5458.82
e7b29675-ae60-423d-8625-adb820198252,Benjamin Scott,6772.25
b99a23e6-d699-4334-ab6a-1cf4c5caedc6,William Hall,8007.87
10ecd3ce-e37b-4359-808c-81825722724e,Bradley Love,4694.75
b48f2b9c-65e0-4579-9ae1-460af6cf2d59,Erin Ellis,7932.79
fe9ae150-be1e-4c38-8a47-a3e26536865f,Joseph Stevens,2323.56
e28249f6-264f-4129-8370-5f3af3613705,Spencer Vargas,3782.79
d6ac5500-1201-47b4-962f-3c2b2f835281,Melissa Joseph,1839.55
a800473b-7ec7-45b0-abe8-cadab14a415b,Tricia Moses,4523.68
094eed85-0846-4cdd-8da0-1804afcfed14,Jesse Mcdonald,5405.73
d2fa93dd-c283-43ac-92f5-ff622776f98f,Christina Kim,8166.68
bd8fa683-0b43-4256-95d5-96b924e7bbd0,Brandon Thomas,9870.97
6abeff0d-c637-4fc4-b377-3a80817fe7d9,Nancy Robinson,7282.93
25a46413-2bfe-4f2c-aba4-e745e2a98a15,Brandon Reilly,3977.14
0ab7cdd2-e391-4e41-991c-e9f7e06259d5,Holly Smith,3512.21
8cd7301f-d112-417e-bd32-6a65b2f23af2,Jessica Bates,4900.25
913713e5-2ad2-44b6-849a-561d8ea72230,Julie Davis,8034.35
a30d5db5-6420-47a8-a64d-6b573fd8f1a6,Donna Caldwell,9103.22
6362a35d-e287-4ff0-9ddf-c00a83c91ed0,Alexis Mitchell,4257.21
e4d94033-b0b9-455f-a083-383a654b72d9,Robert Simmons,193.68
be604d2e-3641-41dd-bc03-f94c8085c508,Douglas Sutton,8004.77
69f25ada-7d0b-44c0-8d4d-a10260e573f2,Melanie Dudley,6737.19
bba03f55-5c27-42bf-82a0-0dfc6b4d25b9,Eric Stevens,1789.65
1ac5939b-97ff-425e-a1c6-6c2b364e8ad3,Monique Taylor,4117.44
31224eba-3b62-4704-86ed-4398dce46935,Kevin Dickerson,2202.71
2fedfc3d-f46d-400b-9278-dd351fc7e775,Mary Martinez,5155.10
89a7a949-1169-4874-810b-5ed76d04d845,Alexander Howell,5388.24
350ebc84-996a-4ad1-8cfe-7074f48c2002,Wendy Hernandez,7477.36
92b257d8-ecc8-44d1-8755-36d0fbbc43a9,Matthew Kim,908.91
269146bd-2112-49df-95f0-b898ca5b48a4,Lydia Garcia,9299.24
41e62658-f32c-4137-bf6e-b23ec9bc81e4,Donald Carpenter,9915.88
e7fe93e7-2fe3-49a7-b71e-240a59d3e8eb,Russell Alvarez,5837.49
2f496159-5004-4917-b658-b2b3185f2513,Jonathan Gonzalez,3517.09
e5158b47-5baa-4af0-aec1-97f0586e31ae,Gregg Larson,286.23
70128644-f928-4436-9d0b-58c5f2284084,Kristina Hall,5666.12
e64c80cb-c84d-4810-b8e3-25de559679f0,Diane Aguirre,916.17
aec62027-02a3-4e92-a4fe-c5b1a9043e21,Elizabeth Bolton MD,2597.11
f7b686dd-3536-475a-9385-1f1107887c1a,Christopher Obrien,6448.09
931167c1-0039-4b44-853d-33b54f72ef16,Sharon Maynard,3894.73
f0eae7e2-e114-4832-b63f-20a9097d0935,Anthony Bishop,7117.43
88b523e7-dd3d-4064-b99c-dbad537add2e,Mason Clark,4857.72
3d3fb4dc-2062-4ca3-ad63-d76b1c9611c0,Jamie Valdez,5603.04
4df2e3fc-857d-4709-8a09-767e4e79883e,Brandy Gonzalez,4240.57
b0868467-48a4-49ee-9027-5f9bb19aace1,Trevor Robinson,5241.38
11712a86-93c7-44df-995e-415b69083af3,Brandon Cannon,5455.83
064931f0-c466-416e-a2bf-7184e49da05e,Ronald Harrison,4386.80
d4c96048-5aa7-466f-8ec7-d6371c236ff5,Billy Fernandez,2926.99
b5367445-3c4e-4ddf-b324-04082ee56f93,Michelle Glenn,6703.35
43f3d6c0-c7c6-4925-8f1e-1fda3e106e70,Clinton Smith,1607.66
b21fd290-568c-4ff8-9032-e2314daec20a,Scott Fields,9728.08
52b90637-9d3e-4f58-8bdd-c9f9705b3e3b,Terry Davis,8080.99
78458c82-15e4-447c-b884-9cfd41da980a,Tonya Gilbert,2235.41
1724e472-7545-4edc-a6ba-d42bc21e7677,Benjamin Young,7370.65
e2744060-28b9-4729-9095-3cc24019e36c,Lauren Cook,231.98
18706cbe-2a11-430f-9e2a-9899d8e4432e,Jennifer Griffin,5897.12
fe55b7a2-5c0c-4b5a-9362-28794eecf8f6,Lisa Le,183.52
1c4d7fcc-f0b1-4665-9cad-b949a054dd75,John Morrow,3426.18
2618e5e6-1a24-4098-a572-93e8c5ffa238,Charles Campbell,1298.25
aed282e8-b63d-4af6-9ee0-e6bd54137dfb,Lindsay Brock,3854.66
84b1994f-3610-4b1f-9075-759afa50f6a9,Mr. Taylor Hall DDS,5675.58
ada9d26f-a33d-4c20-bad7-1ae92c5043f2,Kevin Gray,1534.21
a5d3ac65-031a-4f70-b695-67dd4adb3353,Megan Hawkins,6846.07
f054e095-2fd4-48f6-a8aa-5efad04ae276,Kimberly Lawson,1746.95
154e40b8-80e8-40bf-80f1-16d3df0896a5,William Cohen,-79.03
88a73aa2-c9ad-46c8-a233-c31e69b0868f,Jennifer Carroll,4438.39
4262e32a-619f-448a-ab00-899e99656968,Crystal Myers,428.51
7e75becd-d3d3-4fd8-b8d3-e0570dead1a9,Natalie Green,7566.63
407b7e39-14a8-4ac1-85e5-b6a396ba8b93,Jill Obrien,8941.83
02e09bfa-67f4-446c-8c7c-dab94b531a72,Roberta Harris,1211.65
95d0e070-3b4f-48d5-9193-9079504b81d4,Bryan Chase,196.48
fc6fcbf7-4903-4ce1-8d5d-f144fd7dc005,Kimberly Whitaker,579.39
72130675-0a7f-46d9-b9f4-ba2d1a1197af,Jennifer Ortega,2824.95
860f1ca5-6ab4-4575-90a4-e79c5d99aca1,Adam Jackson MD,9379.13
e23d0a7e-ca21-448e-81dd-ee8e350b662a,Sarah Wood,2972.21
670244e0-866b-4d3e-964d-6bf97412031f,Luis Rich,-87.94
8c6204e5-11d4-4e0f-a7a9-676cc8b1ce24,Ashley Dunn,3316.83
500101a2-00d6-4d61-8794-361808e52a54,Joshua Fox,4472.35
cc11a3f5-e5a4-453b-aa1a-e602bde8c7c5,Thomas Ryan,271.40
8b4446ef-3a1e-430a-b6f9-c9b660ea072f,Carla Sutton,3302.61
972473d6-fbd2-440a-b2d2-52fd77316295,Sharon Sexton,9039.76
78a84e70-7fba-4abd-a14e-9e2cf0816597,Whitney Marsh,5054.14
a5e4d2a3-3426-4430-88fe-0be7af0a0d29,Daniel Thompson,4615.34
e39d5925-846d-410c-a500-6b545a1d5feb,Frank Williams,2449.00
4376bb84-ea0c-4b2e-9add-f7c31d823a7b,Frances Lee,9177.77
477d715e-36a8-4986-b8cb-71537a83050b,Jennifer Cooke,3889.86
d5549b9d-005c-414d-8d3a-d7253f19da4f,Travis Kelly,1153.72
669d4484-b0e3-4ec0-8f66-0e33c4e187b1,Dalton Larson,6845.62
baeb0f35-8761-4432-bbda-1368944cee8a,Dennis Jones,7867.68
98cc3f9c-0090-447d-9d23-3fcfc656f4a0,Megan Floyd,8254.58
0286f757-13dc-49b6-8b98-3dce5f978935,Theresa Lopez,8793.34
808775ef-be6b-4759-9d54-db14900d1797,Jeffrey White,2684.15
383dc54e-1d3c-41e9-bd0f-105972a16b96,Joseph Flynn,9824.72
4d032893-0349-463c-add7-66d8b8b4aed7,John Hammond,3200.67
a5ca686b-86d4-4f65-bbc6-da080a68422e,Connie Wilson,3254.80
7435489f-d8c4-4361-8083-e19721426be0,Robert Allen,9065.67
60459716-205d-497a-afe6-cd467b88d0ab,Nicholas Bell,8025.02
1bd9be27-c05b-443f-bc58-b064de2a1664,Vanessa Smith,7481.86
97e58488-a2b4-48e9-891b-e1fd60e606a1,Ryan Davis,5375.05
63079cef-40ca-4927-aff0-6d7030d537b1,Travis Wheeler,2435.94
afc682af-eae4-4186-8e23-b1af1d9f68c9,Anthony Lyons,73.88
d6f61a41-23b7-4c6f-beee-0c980c7a5663,Nathaniel Williams,393.88
e1c9ae2b-2013-4541-ae95-4b368274b76a,Cindy Schaefer,8963.79
22f1a92c-823a-4855-8003-bd6b30983576,Michael Martin,1450.92
e0c3dc22-1ec6-42e6-bc03-ae14bdfb01ef,Jesse Wolfe,6423.71
9313a70e-4581-4748-83ae-fd2b89da7257,Jordan Watson,72.20
a66ac5fa-0660-44b9-be07-f431e125ad5a,Phillip Smith,3911.15
82c03636-c6b5-4de1-b2fc-26e6cd7cf181,Kim Mathews,2408.43
b213e1d6-1b89-4b73-abe2-719e88c7c1ab,Rachel Romero,1393.55
ca535c01-93b0-4785-8bf9-86107e486676,Robert Bowen,539.49
219a59ad-e0aa-4eeb-ba8d-37810ddaf42a,Mr. Jeffrey Rogers,2446.87
40bbd439-b6e3-4d82-820f-a18d9cf77da3,Kimberly Norman,8666.96
9895dabe-350f-45d2-a975-d6b481979675,John Nguyen,6224.13
22ea3df6-cfc8-4adb-a4c0-5090733c029a,John Edwards,6024.81
dc26e2b0-c99e-4d12-8b39-d0f2b7f9c482,Corey Oconnell,8292.24
d5ecc254-c6a6-4ba2-b57a-405afe84d3c5,Amber Murphy,7591.76
7bd536e7-245d-4b3a-b39b-b638bcae4af3,Kelsey Chavez,1803.83
8de0e20d-267e-43de-a38d-234b650cd86a,Michelle Booker,9999.01
9adca3b9-c969-4304-8d7c-084530b7bc86,Jill Smith,7576.35
4f1a26cd-96e9-4362-bd37-4ad5cd9aa563,Jeremiah Hensley,7509.32
2796c495-ae90-48ed-a417-0a444c7ef269,Kenneth Hubbard,7692.89
1a83f115-301c-49a3-8e87-874237a24ce4,Scott Michael,1828.05
14346826-7c31-481b-9d0d-4b0faf050f42,Alison Nolan,86.60
335572b4-9062-477b-b3b7-4ca636085bf2,Lindsey Robertson,9135.45
5f86f3a2-ee7b-4c2e-9060-3228a83894fd,Charlene Vincent,6661.67
f65c0599-4d6b-40cf-b68b-4ba75b511c1b,Brandon Turner,9873.06
c4953163-c80f-4e84-a920-6baeb0956733,Mandy Jackson,3181.34
022ccaf0-d917-4b96-8d51-0aea75d7d142,Aaron Juarez,648.58
b7c0bbe5-25a8-4883-8ba4-380f82d15433,Kimberly Weber,8741.53
decca148-d907-411e-84e5-e275dc91609d,Willie Chen,2780.63
471410c6-1424-43a1-a3cc-9650e6423e0c,Heather Spencer,8576.68
08c09be8-68e4-47a6-a841-8e8b4541e88d,Kirk Smith,516.47
6998ea41-a7c4-4f50-ad41-c8ab2d3d1d8b,Benjamin Perez,6989.12
a0f29fc6-9ccc-424c-a244-a6ac378319b0,Natalie Newton,9936.59
3f089044-39fb-4022-9854-8370d6a7ae56,Jeff Price,4626.15
be914aa8-e864-4418-bef5-66d035a38ecd,Catherine Hunter,2214.26
69062cdc-13cc-4372-8d58-671cd303dd4a,Elizabeth Morgan,5543.78
ac35353e-e6eb-43ba-ad75-28b91f6f0a4b,Andrew Jenkins,9377.20
b646927b-b277-46b1-8da1-082100958c46,Derek Knox,3108.54
39263a2a-5842-43bb-b82a-a22b0355d9c7,Ryan Parks,4361.92
4904f233-17fb-4332-a714-0d8ea0711ad0,Michael Hernandez,8473.56
476fd265-6fd1-4aa1-b51b-3eb855b71acc,Dawn Martin,7459.96
61fd4f40-a6b7-40a9-bab2-17c28d1833d7,John Martinez,8327.29
b3a561a7-2bbf-470f-b7f5-67d3754efbce,Laura Martinez,7972.73
020f1749-6a1d-4687-8ad2-3a2e68bfd432,Heidi Sullivan,7594.68
b19c3430-c473-4809-979f-6689101f8f53,Tiffany Waller,30.73
2dc6a113-39bb-4a68-aa9a-2b238999185a,Tyler Warren,130.93
8b18c8f7-8d2e-4c09-a441-6b30ae86bf5c,Jonathan Anderson,6528.09
fb4cbc87-5a73-400d-83b2-821db10675ff,Keith Villegas II,6524.50
08a51557-9ce6-4e25-8223-6e8c51f29537,Jessica Garcia,7196.30
8ae1e372-67ee-480a-bfd8-ff526826060d,Sandra Malone,6050.07
47caf544-bd54-4133-ae47-53a4f3794c2e,Michael Sherman,9985.71
e75b908b-0fb6-41b0-8db4-0d179967df54,Tracey Vega DDS,9401.70
c3eda089-7190-420e-abf6-8ece72944941,Andrea Oconnor,1992.57
9179f235-572c-45b4-b70d-27c66b3e5ce7,Erin Curry,599.45
64b08ad4-f167-490b-bc02-9a9f71c44de9,Melanie Simon,6559.76
e50798f5-267e-4c84-960e-4ea7162be15e,John Frazier,2814.29
722db3ae-08bf-4b9c-b362-d9e78f40fd31,Tracey Moreno,2399.79
88301476-da59-46fa-96c2-7b1d94ae5ff6,Michelle Reynolds,2371.65
4c92e595-38c3-4f51-a38b-080df72d412c,Richard Thomas,9221.50
c0e9a9d3-1f74-4d38-8bca-5e3e88ac3552,Richard Garcia,2456.04
1d3b0288-219f-466c-ab32-af4b66be2834,Sandra Williams,6688.43
35eceb29-636b-4176-82db-c251503ac818,Kimberly Bullock,6994.00
673dee61-e629-402d-8775-3a61724d56bd,Dale Arroyo,2334.00
8175eb61-71c0-44be-a0fd-f229f507ab31,Noah Doyle,355.86
ec934f9f-3ffa-4007-a711-412fa828c9d7,John Jones,5977.61
1118dfda-6f01-4e38-9a4d-d09e8c891b3d,David Stewart,8701.40
f3d4a773-718a-447c-9db8-d66ece6d9c6e,Tyler Hicks,873.28
978ba6fb-b84d-4950-b6ca-6fe89905e4b6,John Fletcher,905.60
fc0c3a35-0c4e-4786-9420-748e2943cc88,Amy Morrow,3820.59
354fa9cd-bda2-40a6-a722-018a94db3af3,Angela Patel,3876.08
e71dfc4b-23f6-43db-9d07-046e44d04a41,Isaac Mckinney,9187.97
d5f1eec9-4998-41ba-a4f8-67a27e29ae7e,Gregory Mcguire,3395.11
04a6c7f4-ee15-4de1-b17a-6923da7dbfc7,David Davis,3991.96
70a15c21-ee5e-4860-a1d7-4bae1a63d681,Ruth Cabrera,8630.50
b037ab2b-0804-48ff-bd34-e02186843ca8,Michael Sosa,2953.51
167b3b7b-be5a-44bd-b06e-5f1c5ef474be,Chris Daniel,4603.42
4e16673a-6806-4047-aeb3-b4644d3939c2,Jessica Henderson,5965.77
edf2ad20-e983-4eb5-aca5-c81c007f34fc,Lori Myers,920.93
7bcc2f4d-b41a-4b68-a837-570ecebd4981,Sandra Tyler,8645.31
8e74a154-24d9-4f58-876c-e9ee8e9067ac,Rodney Church,9291.38
853fb0f9-2d14-4af7-a290-7937070439ff,Stephen Benson,9194.42
68583aa3-48c9-4915-904c-ca4bfd5f86b9,Nicole Hubbard,1609.32
d28f93b8-67b2-4374-ba6d-ddcda92f8007,Maria Phillips,6521.77
6bede04a-9526-4696-8ae6-ee0ba361ce1b,Phyllis Patton,7863.49
33422707-68b1-49bf-a78a-48f08891ba3a,Michael Garza,6855.00
361ec87a-a28a-4599-9b89-e78ed1510a45,Robert Koch,2158.21
2ea0e17a-8363-4df6-b5bf-b2f48be8329b,Kristy Smith,8268.57
83a8d5c1-a8bd-4721-aeb4-314e9dadeea6,Hannah Hall,3691.04
c011bbb9-4c00-4e79-978b-e6efd804c228,Teresa Morales,4536.16
079a38da-83f6-42bb-a1c4-91396405c50b,Amber Sanchez,9918.93
2b055152-3225-4818-a059-66f8966c32a8,Gary Wade,9167.81
c8414655-e599-4d3f-987b-a79b2b52417a,Scott Jones,3680.61
0b99940e-6bc7-496e-8904-c8454bf657c8,George Stephens,3200.27
8ca2e108-bcec-48d8-a05a-fe5a76540996,Justin Smith,6186.21
4f980bdb-6b29-48b7-b94e-0d2d3ecd3759,Jason Owens,5423.43
fa9a8f2e-d57e-43a5-94d2-0256aee495f6,Michael Harmon,3691.94
69ac3227-1944-4c3d-a63c-2b4da118ec81,Michele White,3351.15
549a8445-437a-48f7-9726-eca912ff5931,Justin Townsend,5778.61
48d21d66-0110-4601-8bc3-27e6c774369a,Scott Stone,3222.58
9c3a96d2-7cac-4719-b760-c3c5220e1b2a,Kimberly Miller,3568.30
86e7fe27-5cb1-4c81-a586-fb522fed9d51,Omar Flores,8331.56
9490ed62-2632-435c-913f-d81e2debbc8e,Kathleen Thomas,5671.66
cf244bd2-884b-491c-87a9-9f23ff747164,Gabrielle Blankenship,1802.43
615f69a1-badc-4a7e-8490-f0925f698e7f,Nicole Morris,9353.34
bbf013af-0f85-44f4-b668-09e6e9d2b22a,Donna Jones,980.02
e98d7b3d-6829-48aa-be85-a322cc994a80,Jessica Weber,9823.34
86777cac-4a43-432c-b846-76b566fc491d,Jeffery Parker,9840.35
e88db039-f549-436e-8423-66a75a6770a2,Lindsay Foster,6391.03
67c33f68-d199-4a91-b390-d62ddc87cd9f,David Evans,9260.16
